<scalastyle>
 <name>Scalastyle standard configuration</name>
 <check level="error" class="org.scalastyle.file.FileTabChecker" enabled="true"></check>
 <check level="error" class="org.scalastyle.file.FileLengthChecker" enabled="true">
  <parameters>
   <parameter name="maxFileLength"><![CDATA[1000]]></parameter>
  </parameters>
 </check>
 <check enabled="false" class="org.scalastyle.scalariform.MultipleStringLiteralsChecker" level="error">
  <parameters>
   <parameter name="allowed">3</parameter>
   <parameter name="ignoreRegex">^\&quot;\&quot;$</parameter>
  </parameters>
 </check>
 <check level="error" class="org.scalastyle.file.HeaderMatchesChecker" enabled="false">
 </check>
 <check level="error" class="org.scalastyle.scalariform.SpacesAfterPlusChecker" enabled="true"></check>
 <check level="error" class="org.scalastyle.file.WhitespaceEndOfLineChecker" enabled="true"></check>
 <check level="error" class="org.scalastyle.scalariform.SpacesBeforePlusChecker" enabled="true"></check>
 <check level="error" class="org.scalastyle.file.FileLineLengthChecker" enabled="true">
  <parameters>
   <parameter name="maxLineLength"><![CDATA[110]]></parameter>
   <parameter name="tabSize"><![CDATA[2]]></parameter>
  </parameters>
 </check>
 <check level="error" class="org.scalastyle.scalariform.ClassNamesChecker" enabled="true">
  <parameters>
   <parameter name="regex"><![CDATA[[A-Z][A-Za-z]*]]></parameter>
  </parameters>
 </check>
 <check level="error" class="org.scalastyle.scalariform.ObjectNamesChecker" enabled="true">
  <parameters>
   <parameter name="regex"><![CDATA[[A-Z][A-Za-z]*]]></parameter>
  </parameters>
 </check>
 <check level="error" class="org.scalastyle.scalariform.PackageObjectNamesChecker" enabled="true">
  <parameters>
   <parameter name="regex"><![CDATA[^[a-z][A-Za-z]*$]]></parameter>
  </parameters>
 </check>
 <check level="error" class="org.scalastyle.scalariform.EqualsHashCodeChecker" enabled="true"></check>
 <check level="error" class="org.scalastyle.scalariform.IllegalImportsChecker" enabled="true">
  <parameters>
   <parameter name="illegalImports"><![CDATA[sun._,java.awt._,collection.JavaConversions._,scala.collection.JavaConversions._]]></parameter>
  </parameters>
 </check>
 <check level="error" class="org.scalastyle.scalariform.ParameterNumberChecker" enabled="true">
  <parameters>
   <parameter name="maxParameters"><![CDATA[8]]></parameter>
  </parameters>
 </check>
 <check level="error" class="org.scalastyle.scalariform.MagicNumberChecker" enabled="false">
  <parameters>
   <parameter name="ignore"><![CDATA[-1,0,1,2,3]]></parameter>
  </parameters>
 </check>
 <check level="error" class="org.scalastyle.scalariform.NoWhitespaceBeforeLeftBracketChecker" enabled="true"></check>
 <check level="error" class="org.scalastyle.scalariform.NoWhitespaceAfterLeftBracketChecker" enabled="true"></check>
 <check level="error" class="org.scalastyle.scalariform.ReturnChecker" enabled="false"></check>
 <check level="error" class="org.scalastyle.scalariform.NullChecker" enabled="false"></check>
 <check level="error" class="org.scalastyle.scalariform.NoCloneChecker" enabled="true"></check>
 <check level="error" class="org.scalastyle.scalariform.NoFinalizeChecker" enabled="true"></check>
 <check level="error" class="org.scalastyle.scalariform.CovariantEqualsChecker" enabled="true"></check>
 <check level="error" class="org.scalastyle.scalariform.StructuralTypeChecker" enabled="true"></check>
 <check level="error" class="org.scalastyle.file.RegexChecker" enabled="false">
  <parameters>
   <parameter name="regex"><![CDATA[println]]></parameter>
  </parameters>
 </check>
 <check level="error" class="org.scalastyle.scalariform.NumberOfTypesChecker" enabled="true">
  <parameters>
   <parameter name="maxTypes"><![CDATA[30]]></parameter>
  </parameters>
 </check>
 <check level="error" class="org.scalastyle.scalariform.CyclomaticComplexityChecker" enabled="false">
  <parameters>
   <parameter name="maximum"><![CDATA[10]]></parameter>
  </parameters>
 </check>
 <check level="error" class="org.scalastyle.scalariform.UppercaseLChecker" enabled="true"></check>
 <check level="error" class="org.scalastyle.scalariform.SimplifyBooleanExpressionChecker" enabled="true"></check>
 <check level="error" class="org.scalastyle.scalariform.IfBraceChecker" enabled="true">
  <parameters>
   <parameter name="singleLineAllowed"><![CDATA[true]]></parameter>
   <parameter name="doubleLineAllowed"><![CDATA[false]]></parameter>
  </parameters>
 </check>
 <check level="error" class="org.scalastyle.scalariform.MethodLengthChecker" enabled="false">
  <parameters>
   <parameter name="maxLength"><![CDATA[50]]></parameter>
  </parameters>
 </check>
 <check level="error" class="org.scalastyle.scalariform.MethodNamesChecker" enabled="false">
  <parameters>
   <parameter name="regex"><![CDATA[^([+-/\\*]|[a-z][A-Za-z0-9]*)$]]></parameter>
  </parameters>
 </check>
 <check level="error" class="org.scalastyle.scalariform.NumberOfMethodsInTypeChecker" enabled="true">
  <parameters>
   <parameter name="maxMethods"><![CDATA[30]]></parameter>
  </parameters>
 </check>
 <check level="error" class="org.scalastyle.scalariform.PublicMethodsHaveTypeChecker" enabled="true"></check>
 <check level="error" class="org.scalastyle.file.NewLineAtEofChecker" enabled="false"></check>
 <check level="error" class="org.scalastyle.file.NoNewLineAtEofChecker" enabled="false"></check>
 <check level="error" class="org.scalastyle.scalariform.RedundantIfChecker" enabled="true"></check>
 <check level="error" class="org.scalastyle.scalariform.NotImplementedErrorUsage" enabled="true"></check>
 <check level="error" class="org.scalastyle.scalariform.ClassTypeParameterChecker" enabled="true">
  <parameters>
   <parameter name="regex">^[A-Z0-9_]+$</parameter>
  </parameters>
 </check>
</scalastyle>
