{
  "organization" : "spark.jobserver",
  "name" : "job-server",
  "version" : "0.4.0",
  "description" : "REST job server for Apache Spark",
  "site" : "https://github.com/spark-jobserver/spark-jobserver",
  "tags" : [ "spark", "akka", "rest" ],
  "docs" : "",
  "resolvers" : [ "http://dl.bintray.com/spark-jobserver/maven" ],
  "dependencies" : [ {
    "organization" : "org.apache.spark",
    "name" : "spark-core",
    "version" : "1.0.2"
  }, {
    "organization" : "io.netty",
    "name" : "netty",
    "version" : "3.6.6.Final"
  }, {
    "organization" : "com.typesafe",
    "name" : "config",
    "version" : "1.0.0"
  }, {
    "organization" : "org.scoverage",
    "name" : "scalac-scoverage-plugin",
    "version" : "0.98.0"
  }, {
    "organization" : "org.apache.spark",
    "name" : "spark-core",
    "version" : "1.0.2"
  }, {
    "organization" : "io.netty",
    "name" : "netty",
    "version" : "3.6.6.Final"
  }, {
    "organization" : "com.typesafe.slick",
    "name" : "slick",
    "version" : "2.0.2-RC1"
  }, {
    "organization" : "com.h2database",
    "name" : "h2",
    "version" : "1.3.170"
  } ],
  "scalas" : [ "2.10.4", "2.11.6" ],
  "licenses" : [ {
    "name" : "Apache-2.0",
    "url" : "http://choosealicense.com/licenses/apache/"
  } ],
  "sbt" : false
}
